Station Id,Air Temperature Maximum (degF),Air Temperature Minimum (degF),Precipitation Increment (in),Relative Humidity (pct) Mean of Hourly Values,Wind Speed Maximum (mph) Max of Hourly Values,Wind Speed Average (mph) Mean of Hourly Values,Solar Radiation Average (watt/m2) Mean of Hourly Values,Solar Radiation/langley Total (langley),Vapor Pressure - Partial (inch_Hg) Mean of Hourly Values,Vapor Pressure - Saturated (inch_Hg) Mean of Hourly Values,Soil Moisture Percent -2in (pct) Mean of Hourly Values,Soil Moisture Percent -4in (pct) Mean of Hourly Values,Soil Moisture Percent -8in (pct) Mean of Hourly Values,Soil Moisture Percent -20in (pct) Mean of Hourly Values,Soil Moisture Percent -40in (pct) Mean of Hourly Values,Soil Temperature Observed -2in (degF) Mean of Hourly Values,Soil Temperature Observed -4in (degF) Mean of Hourly Values,Soil Temperature Observed -8in (degF) Mean of Hourly Values,Soil Temperature Observed -20in (degF) Mean of Hourly Values,Soil Temperature Observed -40in (degF) Mean of Hourly Values,MonthOfYear,DayOfYear,WeekOfYear,Soil Temperature
2174,61,51,0,94,10.5,4.6,40.01,82.6,0.43,0.45,57.7,59.7,62.7,59.9,62.2,57,58,57,55,57,1,1,0,56.75
2174,52,48,1.29,99,13,4.9,13.1,27.05,0.36,0.36,56.9,59.2,62.1,59.6,62.2,53,55,55,56,57,1,2,0,55.75
2174,59,49,0.98,99,19.2,5.7,17.74,36.63,0.38,0.39,56.5,59.1,61.9,60.3,62.1,52,54,54,56,57,1,3,0,55.25
2174,62,44,0.29,91,25.2,10.2,51.13,105.6,0.35,0.38,56.5,59,62.1,60.1,62.3,53,54,54,56,57,1,4,0,55.25
2174,62,40,0,89,11.6,3.5,130,268.4,0.29,0.35,55.7,58.9,62.2,60.1,62.3,50,52,52,55,57,1,5,0,54
2174,67,35,0,87,6,1.4,132.92,274.5,0.29,0.36,55.7,58.7,62.1,60.4,62.3,50,51,52,55,57,1,6,1,53.75
2174,67,39,0,85,16.2,4.7,120.82,249.5,0.36,0.45,54.3,58.7,62.2,60.2,62.3,51,52,52,55,57,1,7,1,54
2174,70,49,0,79,17.6,5.8,113.55,234.5,0.43,0.56,51.8,57.8,62.2,60.2,62.6,56,55,55,55,57,1,8,1,55.5
2174,53,37,0,58,25,8.1,143.72,296.8,0.18,0.32,48.5,54.6,62,59.2,62.6,49,52,54,55,57,1,9,1,54.5
2174,51,32,0,66,12.4,4.7,141.55,292.3,0.16,0.25,46.2,51.7,59.8,59.4,62.8,45,48,50,55,57,1,10,1,52.5
2174,55,28,0,69,9.6,2.3,132.39,273.4,0.18,0.28,45.4,50.7,57.4,59.8,62.6,45,47,48,54,57,1,11,1,51.5
2174,54,42,0.6,89,23.3,5.8,14.88,30.73,0.32,0.35,49.7,53.1,57,59.7,62.8,47,48,49,53,57,1,12,1,51.75
2174,51,42,0,89,16.8,8.2,29.39,60.69,0.28,0.31,55.4,57.1,60.5,59.6,62.6,48,49,50,53,57,1,13,2,52.25
2174,42,40,0,89,13.7,7,27.02,55.79,0.23,0.26,55.2,56.9,60.8,59.6,62.6,45,47,48,53,56,1,14,2,51
2174,43,32,0,88,10.3,3.1,47.62,98.3,0.21,0.24,51,56.1,60.3,59.6,62.6,45,46,47,52,56,1,15,2,50.25
2174,55,29,0,88,9.4,1.5,142.41,294.1,0.22,0.27,49.1,54.3,60.2,59.8,62.9,44,46,47,52,56,1,16,2,50.25
2174,54,41,0.16,97,11.8,3.6,26.67,55.07,0.34,0.35,52.4,56.1,60.3,59.9,62.4,47,48,48,51,56,1,17,2,50.75
2174,58,52,0.01,97,13.2,3,48.31,99.8,0.41,0.42,55.5,57.7,61.5,59.9,63.3,51,51,50,51,55,1,18,2,51.75
2174,65,37,1.16,91,30.4,12.5,49.21,101.6,0.42,0.46,56.5,58.6,62,60.1,62.1,54,53,53,52,55,1,19,2,53.25
2174,40,30,0,76,28.8,11.1,85.34,176.2,0.15,0.2,55.5,58.2,61.6,60.2,62.1,44,48,49,53,55,1,20,3,51.25
2174,47,27,0,76,11.1,3.4,146.24,302,0.15,0.21,50.7,55.8,61.1,59.9,63,42,44,46,52,55,1,21,3,49.25
2174,53,31,0,78,20.5,8.7,38.76,80,0.23,0.31,48.4,53.9,60.8,59.7,63.9,42,44,45,51,55,1,22,3,48.75
2174,61,37,1.96,97,23.5,8.6,12.1,24.98,0.39,0.4,53.8,56.9,61.3,59.5,64,49,48,48,51,55,1,23,3,50.5
2174,47,33,0,80,23.5,8,143.8,296.9,0.18,0.23,55.2,58.2,61.1,59.4,63.6,44,47,48,51,55,1,24,3,50.25
2174,47,29,0,88,11.3,2.9,146.63,302.8,0.19,0.22,55.1,57.8,60.8,59.5,63.8,42,45,46,51,55,1,25,3,49.25
2174,55,27,0,81,9,2.1,135.05,278.9,0.21,0.27,51.1,56.7,60.8,59,62.5,43,44,45,50,54,1,26,3,48.25
2174,60,33,0,84,11.5,2.3,114.61,236.7,0.26,0.32,50,55.5,60.7,59,61.7,45,46,46,50,54,1,27,4,49
2174,64,33,0.01,77,23.6,4.9,135.24,279.3,0.26,0.38,48.5,54.4,61.2,59,61.2,47,47,47,50,54,1,28,4,49.5
2174,48,27,0.32,74,25.7,10,159.69,329.8,0.16,0.21,54,56.9,61.1,59,61.4,44,46,48,50,54,1,29,4,49.5
2174,42,24,0,83,18.6,3.1,129.19,266.8,0.15,0.18,52.4,57,60.9,59.1,61.5,39,42,44,50,54,1,30,4,47.5
2174,57,26,0,71,12.7,3.6,161.67,333.9,0.17,0.27,49.7,55.1,60.5,59.2,60.7,42,43,44,49,54,1,31,4,47.5
2174,68,33,0,67,12.9,2.9,140.7,290.5,0.21,0.36,48,54,60.4,59.3,60.9,44,45,45,49,53,2,32,4,48
2174,71,34,0,86,10.5,1.4,134.68,278.1,0.33,0.41,47.4,53.3,59.6,59.3,61,47,47,47,49,53,2,33,4,49
2174,62,45,0,98,8,2,33.66,69.53,0.4,0.41,47.4,52.9,59.8,59.4,60.9,50,50,49,49,53,2,34,5,50.25
2174,65,47,0.07,98,12.4,4.5,29.27,60.44,0.5,0.51,48.6,54.1,60.4,59.3,60.8,52,52,51,50,53,2,35,5,51.5
2174,69,62,0,97,14.1,4.8,33.64,69.47,0.62,0.64,49.6,55.6,61.3,59.2,60.6,57,56,54,51,53,2,36,5,53.5
2174,79,65,0,88,18.1,6.6,57.97,119.7,0.66,0.76,49.9,56.4,61.4,59.7,60.9,61,59,57,52,53,2,37,5,55.25
2174,82,54,0.17,82,31.9,9.6,114.49,236.4,0.59,0.75,51.3,57.4,62,60.3,60.8,62,61,59,53,54,2,38,5,56.75
2174,54,36,0,67,23.3,11.1,132.74,274.1,0.18,0.26,53.2,58,63.4,60.3,61.1,52,56,57,55,54,2,39,5,55.5
2174,52,36,0.01,64,13.2,4.9,108.47,224,0.17,0.27,47.8,54,61.5,60,61.7,48,50,52,54,55,2,40,5,52.75
2174,58,39,0,77,13.6,4.2,49.71,102.7,0.29,0.37,46.9,52.3,60,60.2,60.9,49,50,51,54,55,2,41,6,52.5
2174,67,56,0.01,96,16.9,6.7,38.7,79.9,0.52,0.54,47,52.7,60.4,60.3,60.9,54,54,53,53,55,2,42,6,53.75
2174,67,38,0.92,87,25.3,8,23.44,48.39,0.44,0.5,54.2,57,62,60.3,61.6,56,57,56,53,55,2,43,6,55.25
2174,58,33,0,76,10.9,2.7,144.37,298.1,0.21,0.31,56.6,57.6,63,60.3,62.4,50,52,52,54,55,2,44,6,53.25
2174,62,40,0,75,16.9,5.8,56.91,117.5,0.3,0.4,55.3,57.5,62.5,60.3,61.8,50,51,52,54,55,2,45,6,53
2174,67,54,0.02,92,13.4,4.7,27.6,57.01,0.51,0.56,54.1,58.2,61.8,60.2,61.1,54,54,53,53,55,2,46,6,53.75
2174,65,43,0,95,23.7,6.1,25.85,53.37,0.33,0.35,54.9,58.1,61.9,60.4,61.7,54,55,55,54,55,2,47,6,54.75
2174,66,47,0.43,98,25.3,6.1,16.31,33.68,0.43,0.44,55.2,58.4,61.6,60.3,60.9,54,54,54,54,55,2,48,7,54.25
2174,54,40,0.21,81,16.2,7.6,72.97,150.7,0.24,0.31,54.7,58.8,61.9,60.4,61.5,50,52,53,54,55,2,49,7,53.5
2174,51,40,1.35,98,20.3,6.4,9.4,19.4,0.28,0.29,54.2,58.5,61.7,60.1,61.5,47,49,51,54,55,2,50,7,52.25
2174,65,51,0.99,98,24.4,9,16.72,34.53,0.46,0.47,54.5,58.8,61.8,59.7,61.8,52,51,51,53,55,2,51,7,52.5
2174,56,49,0.69,99,15,5.1,25.94,53.56,0.38,0.38,53.9,59.3,62,60,61.5,53,53,53,53,55,2,52,7,53.5
2174,61,53,0.05,100,11.2,3.9,31.93,65.93,0.46,0.46,54.2,59.4,61.9,59.9,61.4,54,54,54,53,55,2,53,7,54
2174,80,61,0.94,91,24.9,9.2,84.52,174.5,0.71,0.8,55.2,59.7,62.9,60.4,61.4,62,60,57,54,55,2,54,7,56.5
2174,67,42,0,61,25.9,9,205.99,425.3,0.26,0.44,54.5,59.8,63.2,60.6,60.7,58,59,59,55,55,2,55,8,57
2174,62,33,0,64,14.2,2.9,161.92,306.5,0.2,0.36,53.7,58.5,62.3,60.4,60.5,51,53,54,56,56,2,56,8,54.75
2174,69,44,0,70,7.5,1.8,90.06,186,0.3,0.47,53.6,57.5,61.7,60.5,60.6,55,55,55,55,56,2,57,8,55.25
2174,76,53,0.18,78,10.8,2.7,148.31,306.2,0.46,0.63,53.5,57.4,62,60.4,60.6,61,59,57,55,56,2,58,8,56.75
2174,74,62,0.55,93,14.7,4.7,74.95,154.8,0.6,0.65,55.6,58.5,63.4,60.9,60.3,63,62,60,56,56,2,59,8,58.5
2174,64,51,0,96,12.5,5.8,38.1,78.67,0.4,0.42,54.9,58.1,63.6,60.9,60.1,59,60,60,57,56,3,60,8,58.25
2174,55,46,0.06,88,11,4.3,62.68,129.4,0.33,0.38,54.2,57.9,63.3,61.4,60.1,56,57,57,57,57,3,61,8,57
2174,52,38,1.35,93,26,9.3,29.33,60.55,0.31,0.33,53.4,57.8,63,61.2,60.4,53,55,56,57,57,3,62,9,56.25
2174,38,32,0,74,19.3,10.9,85.32,176.2,0.15,0.21,52.2,57.1,61.7,60.7,60.4,45,49,51,56,57,3,63,9,53.25
2174,45,27,0,58,18.8,9.2,170.05,351.1,0.11,0.21,51.5,56,61.4,60.6,60.7,42,46,48,55,57,3,64,9,51.5
2174,48,24,0,69,13.9,3.2,178.77,369.2,0.14,0.22,50.1,53.7,61,60,61,43,45,47,53,57,3,65,9,50.5
2174,56,28,0,67,14.8,4.2,92.39,190.8,0.19,0.32,49.6,52.9,59.7,59.4,61.1,44,46,47,52,56,3,66,9,50.25
2174,73,53,0.01,76,22.7,7,80.53,166.3,0.47,0.62,50.7,53.2,58.7,59.5,61,54,52,51,52,56,3,67,9,52.75
2174,76,64,0.03,84,28.3,10.7,59.56,123,0.61,0.74,51.5,53.5,58.9,59.5,61,60,58,56,52,55,3,68,9,55.25
2174,74,60,0.32,83,22,3.4,91.34,188.6,0.52,0.64,54.5,57.2,61.5,60.3,60.9,62,61,59,54,55,3,69,10,57.25
2174,63,51,0.18,84,24.8,3.7,65.02,134.3,0.4,0.48,55.4,58.1,62.5,60.4,61,59,60,59,55,55,3,70,10,57.25
2174,74,48,0.01,79,11.5,3,158.8,327.9,0.4,0.55,55.6,57.9,62.5,60.4,61,59,59,58,56,56,3,71,10,57.25
2174,73,59,0,78,26.1,12,79.04,163.2,0.51,0.66,55.4,58.3,63,60.4,61.1,60,60,59,56,56,3,72,10,57.75
2174,84,63,0.01,82,26.7,10.8,98.07,202.5,0.66,0.82,54.8,57.9,62.8,60.3,61.1,65,63,62,57,56,3,73,10,59.5
2174,63,51,0,55,20.9,10,192.48,397.5,0.26,0.48,51.8,55,61.8,60.9,61.1,59,61,61,58,57,3,74,10,59.25
2174,59,43,0,56,15.4,5.1,150.1,310,0.2,0.37,49.6,52.9,57,60.8,61.2,53,56,57,58,57,3,75,10,57
2174,67,38,0,54,15.4,4.7,223.74,462,0.19,0.42,48.9,52.4,55.9,60.6,60.8,53,55,55,57,57,3,76,11,56
2174,65,37,0,58,16.4,4.9,204.75,422.8,0.2,0.41,48.3,52.1,54.9,60.1,60.9,53,54,55,57,57,3,77,11,55.75
2174,63,34,0,50,15.6,4,234.65,484.5,0.15,0.37,47.7,51.6,54.6,60.1,61.1,53,54,54,56,57,3,78,11,55.25
2174,69,33,0,63,32.5,3.8,238.1,491.6,0.22,0.42,47.7,51.5,54.2,60,61.2,55,55,55,56,57,3,79,11,55.75
2174,70,40,0,64,23,7.8,240.41,496.4,0.26,0.47,47.8,51.7,54.6,60.2,61.2,57,57,57,56,57,3,80,11,56.75
2174,71,37,0,61,17.6,3.5,250.02,516.3,0.23,0.44,47.5,51.8,54.7,60.2,61.2,58,58,57,56,57,3,81,11,57
2174,75,38,0,63,11.4,2.7,235.59,486.4,0.25,0.5,47.6,52.1,54.5,60.4,61.2,59,59,58,56,57,3,82,11,57.5
2174,77,44,0,62,18.7,4,206.85,427.1,0.3,0.58,47.9,52.1,55,60.8,61.2,61,60,59,57,57,3,83,12,58.25
2174,76,56,0.15,76,23.7,8.1,151.13,312.1,0.45,0.61,48.1,52.2,55.3,60.8,61.2,62,62,61,57,57,3,84,12,59.25
2174,65,48,0,60,21.1,10.1,154.87,319.8,0.28,0.47,47.5,51.7,54.5,61.1,61.1,59,60,60,58,57,3,85,12,58.75
2174,73,40,0,55,12.9,3.2,259.71,536.3,0.25,0.49,47.6,51.8,54.2,61.5,61.3,60,60,59,58,58,3,86,12,58.75
2174,75,44,0,58,16.8,5.8,255.78,528.2,0.27,0.55,47.7,51.8,54.3,61.4,61.2,62,61,61,58,58,3,87,12,59.5
2174,78,46,0,59,19.8,5.7,218.81,451.8,0.35,0.65,47.6,51.9,54.1,61.4,60.9,63,63,62,58,58,3,88,12,60.25
2174,78,50,0.09,75,30.9,8.9,144.36,298.1,0.51,0.7,48,52.5,54.3,61.5,60.9,66,65,64,59,58,3,89,12,61.5
2174,56,43,0.02,69,20.6,6,133.41,275.5,0.23,0.35,46.8,51.8,54,61.7,60.8,57,60,61,60,58,3,90,13,59.75
2174,64,38,0,51,13.7,4.1,263.14,543.4,0.18,0.39,46.8,51.1,53.8,61.6,60.5,57,58,58,59,59,4,91,13,58.5
2174,68,41,0,52,16.5,4.6,276.88,571.7,0.21,0.45,47.2,51.7,53.7,61.3,60.5,61,61,60,59,59,4,92,13,59.75
2174,73,38,0,60,15.4,4.2,232.22,479.5,0.24,0.51,46.8,51.4,53.8,61.6,60.4,60,61,60,59,59,4,93,13,59.75
2174,62,47,0.69,92,27.4,6.6,59.46,122.8,0.41,0.45,50.5,53.6,55.4,61.5,60,57,59,60,59,59,4,94,13,59.25
2174,74,57,0.02,90,9.4,2.2,128.61,265.6,0.55,0.63,56.4,60.3,60.6,61.5,60,63,62,60,59,59,4,95,13,60
2174,77,54,0.37,93,29.5,4,126.18,260.6,0.6,0.66,55.6,59.9,61.2,61.5,60.2,64,64,63,59,59,4,96,13,61.25
2174,83,64,0.17,90,22.6,7.1,139.86,288.8,0.68,0.77,54.5,60.9,61.1,61.8,60.2,67,66,65,60,59,4,97,14,62.5
2174,78,65,0.4,90,20.5,6.1,123.96,256,0.67,0.76,53.8,60.9,61.7,61.3,60.4,68,68,66,61,59,4,98,14,63.5
2174,79,61,0.64,86,17.2,6.5,177.49,363.7,0.61,0.73,54.1,60.6,62.7,62.1,60.4,69,68,67,62,60,4,99,14,64.25
2174,85,56,0,71,10.5,2.9,275.64,567.8,0.49,0.79,53.6,60.1,62.3,62,60.5,69,68,67,62,60,4,100,14,64.25
2174,84,60,0,67,28.2,9.5,245.87,507.7,0.54,0.85,52.3,57,61.4,62,60.5,68,68,67,63,60,4,101,14,64.5
2174,70,59,0.8,90,20.3,5.4,70.22,145,0.55,0.61,53.7,56.9,61.6,61.5,60.8,65,66,66,63,61,4,102,14,64
2174,77,60,1.7,90,34.3,9.9,104.72,215.1,0.62,0.7,56,58.8,62.5,61.9,60.5,66,65,65,63,61,4,103,14,63.5
2174,71,45,0.3,85,26.2,11.1,125.81,259.4,0.44,0.51,54.9,58.8,62.4,62.1,59.9,63,65,65,63,61,4,104,15,63.5
2174,72,43,0.01,78,10.1,1.8,299.37,617.4,0.35,0.49,54,58.1,61.4,62,60.1,61,61,62,63,61,4,105,15,61.75
2174,78,49,0,71,17.1,4.5,281.65,580.5,0.39,0.63,52.1,55.6,60.9,62,59.5,63,63,63,62,62,4,106,15,62.5
2174,77,56,0,78,14.3,5.4,196.22,405.2,0.51,0.68,50.4,54.7,59.6,61.9,59.5,64,64,64,62,61,4,107,15,62.75
2174,81,62,1.86,88,53.1,8.5,133.3,275.3,0.6,0.71,51.5,55.5,59.2,62,59.4,65,65,65,62,62,4,108,15,63.5
2174,64,48,0.05,88,27.4,14.1,107.27,221.5,0.36,0.41,55.5,58.8,62.4,62,59.4,59,62,63,63,62,4,109,15,62.5
2174,68,47,0,59,29.1,10.8,304.76,627.2,0.26,0.48,53.3,56.8,61.9,61.9,59.2,56,58,59,62,62,4,110,15,60.25
2174,80,42,0,68,12.1,2.2,305.97,628.9,0.34,0.61,50.9,55.1,60.5,61.9,59,60,60,60,61,62,4,111,16,60.75
2174,83,49,0,70,13.3,2.5,298.09,610.3,0.41,0.7,50.3,54,59.7,62,59.1,64,64,63,61,61,4,112,16,62.25
2174,83,54,0,71,15.4,3,228.5,469.6,0.46,0.73,49.8,54.3,57.5,62,59.3,66,66,65,62,61,4,113,16,63.5
2174,84,61,0,71,17.5,5.1,263.21,541.3,0.51,0.82,50,54.3,57.6,62,59.2,70,68,67,62,61,4,114,16,64.5
2174,69,61,1.5,97,26.2,6.2,34.11,69.67,0.6,0.62,54.1,57.2,60,62.3,59.3,66,68,67,63,62,4,115,16,65
2174,75,53,0,76,22.9,8.2,298.1,608.8,0.46,0.65,57,58.3,61.7,62,59.2,65,66,66,64,62,4,116,16,64.5
2174,81,49,0,64,17.5,4.8,301.7,616.1,0.38,0.7,52.6,56.2,61.4,61.5,59,64,65,65,64,62,4,117,16,64
2174,82,60,0,75,13.4,3.5,244.16,498.6,0.57,0.78,51,55.4,60.6,61.5,58.9,68,67,66,64,62,4,118,17,64.75
2174,85,59,0,69,16.8,4.7,305.21,625.7,0.52,0.84,50.8,55.4,58.1,61.4,58.9,71,70,68,64,63,4,119,17,66.25
2174,85,59,0,71,20.2,5.3,256.78,524.5,0.58,0.86,50.3,54.5,58.5,61.7,58.9,72,71,70,64,63,4,120,17,67
2174,86,67,0,79,17.6,5.5,219.64,453.5,0.68,0.9,50.4,55.3,57.7,62.1,59,74,73,71,65,63,5,121,17,68
2174,87,64,0,73,18,5.2,251.47,514.1,0.63,0.94,50.4,55.1,57.8,62.3,59,75,75,73,66,63,5,122,17,69.25
2174,86,64,0,73,10.9,3.2,214.2,437.4,0.63,0.9,50.2,54.8,57.8,62.6,59.9,76,76,74,67,64,5,123,17,70.25
2174,76,67,1.19,94,11.7,3.1,73.67,150.5,0.71,0.75,51.8,56.4,58.6,62.5,60,74,75,74,68,64,5,124,17,70.25
2174,72,57,0,89,16.1,5.7,147.07,300.3,0.56,0.63,57.9,60.3,62.9,62.8,60.1,70,71,71,68,65,5,125,18,68.75
2174,82,54,0,80,9.7,1.8,222.81,455,0.53,0.73,55.4,57.7,62.3,62.9,60.1,71,70,70,68,65,5,126,18,68.25
2174,84,58,0,80,10.2,2.3,202.75,414,0.6,0.81,52.4,55.8,60.2,63,60.2,73,73,72,68,65,5,127,18,69.5
2174,87,61,0.02,72,23.1,6,212.48,433.9,0.61,0.92,51.4,55.4,60.2,63,59.9,73,73,72,68,65,5,128,18,69.5
2174,74,65,2.32,98,22.7,5,30.25,61.77,0.67,0.68,56.6,59.7,61.2,62.7,59.6,70,72,72,69,65,5,129,18,69.5
2174,76,66,0.33,96,12.8,2.4,80.93,165.3,0.7,0.73,55.8,60.5,61.4,61.8,59.4,70,70,70,69,66,5,130,18,68.75
2174,82,68,1.57,95,18.4,4.7,105.31,215,0.74,0.79,55,60.6,61.4,62,59.2,72,72,71,68,66,5,131,18,69.25
2174,76,63,0.37,93,14.4,3.1,125.44,256.2,0.68,0.73,54.6,60.1,61.2,62.1,60,72,72,71,68,66,5,132,19,69.25
2174,76,57,0,79,13.6,3.2,298.37,609.3,0.49,0.67,54.4,58.4,61.4,62,59.9,71,71,71,68,66,5,133,19,69
2174,77,54,0,79,13.4,2.8,312.65,638.5,0.47,0.65,52.9,57.2,61.9,61.6,59.9,70,70,70,68,66,5,134,19,68.5
2174,84,56,0,77,10.7,2.2,296.43,605.7,0.56,0.79,52,55.1,60.2,62.2,59.2,71,71,70,68,66,5,135,19,68.75
2174,90,64,0,73,10.5,2.9,283.44,578.7,0.66,0.99,51.5,55.7,59,62.3,59.3,75,74,73,68,66,5,136,19,70.25
2174,89,64,0,75,11,2.2,266.57,544.6,0.67,0.98,51.6,55.8,58.3,62.8,59.4,77,76,75,69,66,5,137,19,71.5
2174,88,64,0,72,15.9,5.3,286.2,588.6,0.66,0.96,51.1,55.5,58.9,63,59.3,78,77,76,70,67,5,138,19,72.5
2174,83,67,0,82,17.5,5.2,137.46,283,0.7,0.87,50.4,54.8,57.5,62.7,59.6,76,77,76,71,67,5,139,20,72.75
2174,90,66,0,80,8,2,262.81,541.8,0.73,0.98,50.9,55,57.4,62.3,59.4,79,78,76,71,67,5,140,20,73
2174,90,68,0,78,16.9,5.7,267.2,547.8,0.75,1.03,50.8,55,57,62.4,59.9,81,80,78,71,68,5,141,20,74.25
2174,91,69,0,78,14.4,4.4,292.6,597.5,0.76,1.03,51,55.2,58.3,62.5,59.6,82,81,80,72,68,5,142,20,75.25
2174,92,67,0,78,10.7,2.4,284.38,580.8,0.76,1.05,50.7,55.1,58.2,62.6,59.4,83,82,81,73,69,5,143,20,76.25
2174,92,70,0,75,12,2.4,266.86,544.9,0.78,1.11,51,55.4,58.2,63.2,59.5,85,84,82,73,69,5,144,20,77
2174,94,70,0,72,12.8,2.1,290.3,592.8,0.73,1.13,50.7,55,58.1,62.7,59.5,86,85,83,74,69,5,145,20,77.75
2174,96,67,0,73,9.9,1.7,289.58,593.1,0.74,1.14,50.5,55.5,58.1,62.6,59.4,86,85,84,75,70,5,146,21,78.5
2174,93,70,0,73,13,2.6,270.1,552.9,0.75,1.12,50.6,55,57.7,62.9,59.3,86,86,84,76,70,5,147,21,79
2174,93,72,0,74,13.3,3.8,260.97,536,0.77,1.11,50.4,55.2,57.4,63.2,59.2,86,86,84,76,71,5,148,21,79.25
2174,92,66,0,71,14.3,3.7,279.01,570.1,0.7,1.07,50.2,54.7,57.3,63.1,58.4,85,85,84,77,71,5,149,21,79.25
2174,90,67,0,73,13.9,3.4,244.98,503.1,0.7,1.02,49.7,54.5,55.7,62.9,58.4,84,84,84,77,72,5,150,21,79.25
2174,91,66,0,70,13.1,2.8,277.03,569,0.64,1.01,49.4,54.2,55.8,63.2,58.5,85,85,83,77,72,5,151,21,79.25
2174,92,65,0,69,13.2,2.2,283.57,582.6,0.62,1.02,49.1,54.6,56.2,62.9,59.1,85,85,84,77,72,6,152,21,79.5
2174,94,65,0,68,12.2,2,293.49,602.5,0.65,1.1,49.3,54.9,55.7,62.7,59.2,86,85,84,78,73,6,153,22,80
2174,94,68,0,70,9.6,2,282.93,580.1,0.7,1.1,49,54.7,55.7,63.1,59.3,88,87,85,78,73,6,154,22,80.75
2174,93,70,0,76,8,1.6,189.88,387.8,0.8,1.09,48.5,54.8,56.6,62.8,59.6,87,87,85,78,73,6,155,22,80.75
2174,87,72,0.08,89,15.9,1.8,105.31,216,0.88,1,47.8,53.9,55.9,64.2,59.2,84,85,85,79,73,6,156,22,80.5
2174,84,70,0.74,96,14.2,4.5,115.92,239.1,0.85,0.9,51.8,55.5,57.5,65,61,80,82,82,79,74,6,157,22,79.25
2174,86,71,0.63,93,11.8,3,154.18,314.8,0.84,0.92,54,57.7,58.9,65,60.3,80,81,81,78,74,6,158,22,78.5
2174,86,71,0.07,92,10.2,2,172.28,355.7,0.82,0.9,57.7,60.7,60.7,64,59.8,80,81,80,77,74,6,159,22,78
2174,86,69,0.22,89,15.8,2.9,249.76,514.8,0.84,0.96,55.2,58.7,61.3,64.7,59.7,81,82,80,77,74,6,160,23,78.25
2174,89,71,0,78,16,5.4,289.21,595.1,0.78,1.05,54.8,58.1,61.6,64.7,59.8,82,83,81,77,74,6,161,23,78.75
2174,81,61,0,64,15.3,4,273.43,564.1,0.49,0.8,51,55.2,57.6,64.5,59.7,78,80,80,77,74,6,162,23,77.75
2174,83,59,0,77,9.5,1.7,241.85,499.4,0.57,0.79,48.5,54.2,56.4,64.6,59.8,77,79,78,76,74,6,163,23,76.75
2174,83,58,0,71,12.7,2.8,316.67,653.5,0.5,0.8,42.1,53.6,56,63.8,59.7,79,80,78,76,74,6,164,23,77
2174,86,55,0,73,9.7,1.9,311.19,640.9,0.52,0.82,34.8,53.7,55.5,64.4,60.3,81,81,80,76,74,6,165,23,77.75
2174,90,64,0,77,13.7,3,265.24,545.4,0.72,0.99,32.5,54.2,55.2,64.5,61,83,83,81,76,74,6,166,23,78.5
2174,92,71,0,76,16.3,3.2,259.1,531.4,0.82,1.13,32.2,54.2,55.3,64.5,60.6,85,85,83,76,74,6,167,24,79.5
2174,88,70,0.04,86,12.8,2.3,192.54,394.1,0.82,0.98,31.5,53.1,55,64.5,60.4,84,85,83,77,74,6,168,24,79.75
2174,87,72,0.38,90,18.1,2.7,166.87,342.6,0.86,0.97,31.4,52.9,54.8,63.5,60.3,81,83,82,77,74,6,169,24,79
2174,92,73,0.01,81,11.9,3.1,260.82,535.8,0.88,1.12,31.6,52.1,54.8,62.9,60,82,84,81,77,74,6,170,24,79
2174,91,69,0.39,83,30.5,3.3,265.55,542.4,0.82,1.03,51.1,56.7,60.2,64,59.8,81,82,81,77,74,6,171,24,78.5
2174,94,72,0,82,12.3,2.7,280.2,573.8,0.93,1.19,40.3,53.7,55.5,63.7,59.7,83,84,82,77,74,6,172,24,79.25
2174,96,73,0,81,10.8,3.3,260.81,532.5,0.92,1.19,33.6,51.5,53.8,63.9,59.7,84,85,83,77,74,6,173,24,79.75
2174,94,72,0.03,82,12.6,3.2,262.54,536.2,0.9,1.15,31.6,47.9,54,63.7,59.7,83,85,83,77,74,6,174,25,79.75
2174,88,70,0,81,14.4,4.2,183.17,374,0.85,1.07,31.2,44,53.9,62.9,59.7,82,84,82,77,75,6,175,25,79.5
2174,92,68,0,78,10.3,2,257.27,525.5,0.8,1.07,31,40.4,52.2,62.7,58.4,81,83,81,77,75,6,176,25,79
2174,91,72,0,78,13.1,1.9,198.75,406.1,0.77,1.04,31.1,37.5,50.4,62.7,53.1,80,82,81,77,75,6,177,25,78.75
2174,94,67,0.13,88,27.4,2.2,212.81,434.6,0.75,0.91,30.8,35.1,44.8,63.3,54,79,82,80,77,75,6,178,25,78.5
2174,89,67,0.01,83,13.2,2.4,290.56,593.5,0.73,0.93,30.7,33.6,41,64,53.6,78,81,79,77,75,6,179,25,78
2174,92,67,0,81,11.7,1.8,280.23,572.8,0.79,1.02,30.7,32.6,36.9,63.2,52.3,79,81,79,76,75,6,180,25,77.75
2174,93,71,0,81,8.5,1.5,312.37,637.9,0.83,1.09,30.7,31.6,34,61.7,53.1,81,82,80,76,75,6,181,26,78.25
2174,96,71,0,78,9.5,1.9,311.09,635.3,0.86,1.17,30.7,30.4,31.1,62.4,53.2,82,84,81,76,75,7,182,26,79
2174,97,72,0,77,11.6,1.5,300.28,613.2,0.84,1.2,30.4,29.3,29.2,62.6,53.4,82,84,81,77,75,7,183,26,79.25
2174,92,73,0.18,88,21.9,1.6,162.24,331.5,0.88,1.03,30.1,29,28.3,61.7,53.6,81,82,81,77,75,7,184,26,78.75
2174,94,71,0,80,10,1.9,289.19,590.5,0.87,1.14,30,29.6,28.2,61.7,54.1,80,81,80,77,75,7,185,26,78.25
2174,96,71,0,77,7.7,1.4,305.37,623.7,0.87,1.22,30,28.8,28.2,61.6,54.1,81,81,81,77,75,7,186,26,78.5
2174,96,73,0,81,15.6,2,244.66,499.6,0.87,1.14,29.7,28.2,27.8,60.6,55.1,81,82,81,77,75,7,187,26,78.75
2174,94,71,0.05,88,13.2,2.4,194.62,397.4,0.86,1,29.4,27.8,27.4,60.6,54.9,80,81,80,77,75,7,188,27,78.25
2174,95,71,0.01,88,16.6,2.2,217.96,445.1,0.88,1.04,29.2,27.6,27.4,59.5,54.5,79,80,79,77,75,7,189,27,77.75
2174,98,73,0,78,9,2.1,298.33,609.2,0.92,1.28,29.2,27.6,27.2,59.1,53.7,80,80,79,77,75,7,190,27,77.75
2174,99,76,0,79,13.2,2.3,257.52,526,0.91,1.23,29.2,27.3,26.8,58.2,52.9,81,82,81,77,75,7,191,27,78.75
2174,94,75,0.06,87,14.2,2.6,197.81,403.9,0.92,1.1,29.2,27.2,26.4,57.9,51.4,81,82,81,77,75,7,192,27,78.75
2174,95,75,0,80,9.6,3,283.2,578.3,0.9,1.19,29.2,26.7,26,57.2,51.7,81,81,80,77,75,7,193,27,78.25
2174,86,74,0.09,89,13.4,3.7,129.92,265.4,0.85,0.97,29,26.5,25.7,56.8,53,80,80,80,77,75,7,194,27,78
2174,82,72,0.64,98,15.1,2.8,44.21,91.2,0.85,0.87,28.6,37,38,56.6,53.3,78,79,79,77,75,7,195,28,77.5
2174,88,72,0.37,92,17.5,4.2,126.26,257.8,0.89,0.99,28,47.4,52.1,60.8,56.8,77,78,78,77,76,7,196,28,77.25
2174,93,74,0.25,86,15.8,4.2,229.5,468.7,0.9,1.1,28.2,46.7,52,62.3,55.5,79,80,78,76,75,7,197,28,77.25
2174,94,73,0,86,8.7,2.2,239.58,494.7,0.94,1.14,28.3,46.9,52.3,63.3,54.8,79,80,79,76,75,7,198,28,77.5
2174,96,74,0,80,10.5,2.1,287.15,592.9,0.92,1.22,28.7,44.5,49.6,62.2,53.8,80,80,79,76,75,7,199,28,77.5
2174,95,74,0,84,13.8,2,212.02,436,0.92,1.14,29.1,42.3,47.3,61.8,54.7,80,80,80,77,75,7,200,28,78
2174,82,73,0.07,95,13.3,2.6,102.42,211.5,0.86,0.91,29.3,41.5,46,61.9,51.8,79,80,79,77,75,7,201,28,77.75
2174,91,73,0.03,90,12.6,1.9,168.75,348.5,0.89,1.01,30.5,40.4,45.5,60.7,51.1,78,79,79,77,75,7,202,29,77.5
2174,92,72,0.75,84,13.7,2.6,221.68,457.7,0.85,1.05,35.8,43.5,46.5,61.5,53,78,79,78,77,75,7,203,29,77.25
2174,84,67,0,83,16.6,5.1,192.78,398.1,0.74,0.92,49.5,53.7,56.8,63.2,62.6,77,79,78,77,76,7,204,29,77.5
2174,87,62,0,70,15.2,4.2,317.08,654.7,0.57,0.91,44.9,48.9,52.4,63.4,53.2,75,77,77,76,75,7,205,29,76.25
2174,90,61,0,70,11.9,1.9,300.74,621.1,0.57,0.94,42.4,46.6,50.6,63.1,54.4,74,76,76,76,75,7,206,29,75.75
2174,94,64,0,70,9.2,1.4,282.46,583.3,0.61,1.02,41.1,44.8,49.2,62.2,51.9,75,76,76,76,75,7,207,29,75.75
2174,95,65,0,71,10.5,1.6,263.86,544.9,0.65,1.06,40,43.4,48,62,51.6,75,77,76,76,75,7,208,29,76
2174,95,66,0,69,12.2,1.7,261.92,537.1,0.65,1.1,39,42,46.5,61.2,51.3,75,77,76,75,75,7,209,30,75.75
2174,95,66,0,69,11.6,2.3,295.61,603.8,0.68,1.12,38,41,43.9,61.4,51.3,76,78,76,75,75,7,210,30,76
2174,91,71,0,80,11.6,2,190.84,390.1,0.78,1.01,37.3,39.7,41.4,62.4,51.3,77,78,77,75,75,7,211,30,76.25
2174,96,69,0,76,14.6,2.3,261.83,540.7,0.76,1.09,36.8,38.5,39.7,61.6,51.2,77,79,77,75,75,7,212,30,76.5
2174,94,70,0,75,11.5,2.5,245.66,507.3,0.77,1.11,36.2,37.2,36.7,60.7,50.9,77,79,77,75,75,8,213,30,76.5
2174,93,70,0.02,79,11.7,2.3,197.78,407.9,0.8,1.07,35.8,36.2,34,60.8,51.3,77,79,77,76,75,8,214,30,76.75
2174,94,69,0.58,82,14.4,2,256.19,529,0.79,1.04,38.7,40.1,37.2,61.2,53.2,77,78,77,76,75,8,215,30,76.5
2174,90,71,0.24,90,13.6,2,157.81,325.9,0.84,0.95,49.3,52.5,55.3,62.9,57.6,77,78,77,76,75,8,216,31,76.5
2174,91,69,0.01,84,8.8,2.1,256.53,529.7,0.81,1.02,47.3,49.6,53.7,62.8,56.8,77,78,77,76,75,8,217,31,76.5
2174,95,71,0,76,10.7,2,264.29,545.8,0.81,1.17,45,47.1,51,62.8,52.1,78,79,78,76,75,8,218,31,77
2174,97,73,0,76,16.4,2.9,235.89,487.1,0.86,1.22,43.4,45.5,49.4,63.2,49.8,78,80,78,76,75,8,219,31,77.25
2174,95,73,0,82,13.6,2.9,184.49,381,0.92,1.16,42.8,44.2,47.9,63,49.4,79,80,79,76,75,8,220,31,77.5
2174,94,74,0.23,91,21.1,2.2,124.46,257,0.91,1.04,42.1,42.8,46.6,61.8,49.4,79,80,79,76,75,8,221,31,77.5
2174,91,74,0.52,94,19.8,2.2,129.66,267.7,0.92,1,50.9,52.3,53.9,61.9,56,78,80,79,76,75,8,222,31,77.5
2174,95,75,0,82,10.8,2.6,242.83,501.5,0.94,1.21,48.7,52,54.1,62.8,59.2,79,80,79,76,75,8,223,32,77.5
2174,99,75,0,75,16.7,2,229.82,474.6,0.88,1.29,45.9,47.9,51.6,63.3,53.1,79,81,79,76,75,8,224,32,77.75
2174,100,75,0,77,13.1,2,211.64,437,0.94,1.3,44.6,45.4,49.9,62.7,51.3,80,81,80,76,75,8,225,32,78
2174,94,74,0,76,17.3,3.8,233.49,482.2,0.86,1.18,43.4,43,47.9,62,52.4,80,82,80,77,75,8,226,32,78.5
2174,95,71,0,69,15.3,3.7,282.31,583,0.72,1.17,42.4,39.9,44.8,60.8,51.5,79,81,80,77,75,8,227,32,78.25
2174,96,66,0,68,14.6,3.1,285.23,589,0.65,1.12,41.2,36,40.1,61.2,50.1,78,80,79,77,76,8,228,32,78
2174,98,65,0,64,13,2.3,276.84,571.7,0.63,1.18,40.1,33.3,35.8,62,49.5,77,79,78,77,76,8,229,32,77.5
2174,100,69,0,70,14.9,2.6,235.61,486.6,0.76,1.23,38.7,31.9,32.8,61.7,49.5,78,79,78,76,76,8,230,33,77.25
2174,96,72,0.01,83,26.1,2.8,170.63,352.4,0.88,1.1,37.6,31.2,30.6,59.9,49.7,79,79,79,76,76,8,231,33,77.5
2174,96,69,0.26,76,21.1,3.6,247.19,510.4,0.8,1.14,36.4,30.8,28.7,60.3,50.4,78,79,79,77,76,8,232,33,77.75
2174,93,73,0.01,87,26.4,3,159.92,330.2,0.87,1.04,35.9,30.6,27.1,59.7,55.2,79,81,79,77,76,8,233,33,78.25
2174,91,72,0.01,86,16.2,3.5,216.53,447.1,0.88,1.06,35.4,30.1,26.4,58.2,21.2,79,81,79,77,76,8,234,33,78.25
2174,92,74,0.35,85,20.3,2.6,181.14,374,0.9,1.09,34.5,33.7,25.8,57.8,15.4,79,81,79,77,76,8,235,33,78.25
2174,90,74,0.06,90,9.8,2.1,143.7,296.7,0.9,1.02,34.5,34.8,25.5,57.2,15.3,79,81,79,77,76,8,236,33,78.25
2174,88,74,0.65,95,17.8,4,109.88,226.9,0.88,0.95,42.2,42.4,38.4,59.7,15.4,78,80,79,77,76,8,237,34,78
2174,80,74,0.43,98,14.3,5,56.38,116.4,0.9,0.92,53,56.5,59.1,62.2,15.6,78,80,78,77,76,8,238,34,77.75
2174,94,74,0.13,92,19.9,2.9,147.09,303.7,0.93,1.04,49.3,52.2,55.2,61.7,15.6,78,80,78,77,76,8,239,34,77.75
2174,89,70,0.01,83,11.8,3,242.47,500.7,0.81,1.02,46.2,49,52.1,61.8,15.5,78,80,79,77,76,8,240,34,78
2174,89,63,0,72,12.1,3,273.39,564.6,0.6,0.93,42.6,45.5,49.5,61.5,15.4,77,79,78,77,76,8,241,34,77.5
2174,90,58,0,72,12.3,2.4,278.13,574.3,0.55,0.9,40,41.2,47.3,60.4,15.4,75,77,76,76,76,8,242,34,76.25
2174,93,61,0,73,16.9,3,247.75,511.6,0.64,1,37.9,38.4,44.7,58.8,15.4,75,77,76,76,76,8,243,34,76.25
2174,92,65,0,79,11.7,3.2,218.03,450.2,0.77,1.05,36.2,36.2,41.6,58,15.3,76,77,76,76,76,9,244,35,76.25
2174,94,67,0,76,16.7,3.3,247.48,511,0.76,1.08,34.4,34.6,39,57,15.2,76,78,77,76,75,9,245,35,76.5
2174,96,69,0,73,13,3.1,243.69,503.2,0.75,1.14,32.2,33.6,36.5,55.7,15.1,77,79,77,76,75,9,246,35,76.75
2174,96,68,0,70,14.6,4.1,255.3,527.1,0.72,1.14,30.5,33,34.8,54.7,15,77,79,77,76,75,9,247,35,76.75
2174,95,66,0,74,19.2,5.7,240.71,497.1,0.79,1.14,29.5,32.7,33.8,53.4,14.9,77,79,78,76,75,9,248,35,77
2174,93,61,0,71,12.7,3.5,251.53,519.4,0.63,1,28.5,32.5,33.4,53.4,14.8,76,79,77,76,75,9,249,35,76.75
2174,98,70,0,71,15.7,3,236.39,488.1,0.79,1.22,28.1,32.3,33.1,52.7,14.8,77,79,77,76,75,9,250,35,76.75
2174,97,71,0,73,15,2.9,234.57,484.4,0.79,1.19,27.8,32.3,33.2,51.8,14.7,78,80,78,76,75,9,251,36,77.25
2174,98,66,0,66,11.6,2.6,247.37,510.8,0.66,1.18,27.3,32.3,33.2,50.9,14.7,78,79,78,76,75,9,252,36,77
2174,96,71,0,71,14.6,3.4,231.88,478.8,0.76,1.18,27.1,32.5,33.3,50,15.4,78,80,78,76,75,9,253,36,77.25
2174,97,69,0,71,13,2.7,233.79,482.8,0.75,1.18,26.5,32.3,33.2,49.9,16,78,80,79,76,75,9,254,36,77.5
